{
    "version": "1.0",
    "entries": [
        {
            "type": "Tab",
            "id": "MicrochipTab",
            "title": "Microchip",
            "children": [
                {
                    "type": "Section",
                    "title": "File",
                    "children": [
                        {
                            "type": "Column",
                            "children": [
                                {
                                    "type": "DropDownButton",
                                    "action": "newPopUpAction",
                                    "popupName": "newPopUpList"
                                }
                            ]
                        },
                        {
                            "type": "Column",
                            "children": [
                                {
                                    "type": "PushButton",
                                    "action": "openModelAction"
                                },
                                {
                                    "type": "SplitButton",
                                    "action": "saveModelAction",
                                    "popupName": "savePopUpList"
                                },
                                {
                                    "type": "EmptyControl"
                                }
                            ]
                        }
                    ]
                },                
                {
                    "type": "Section",
                    "title": "infos",
                    "children": [
                        {
                            "type": "Column",
                            "children": [
                                {
                                    "type": "SplitButton",
                                    "action": "WebLinkAction"    ,
                                    "popupName": "WebLinkPopUpList"
                                }
                            ]
                        },
                        {
                            "type": "Column",
                            "children": [
                                {
                                    "type": "SplitButton",
                                    "action": "ChipLinkAction"    ,
                                    "popupName": "ChipLinkPopUpList"
                                }
                            ]
                        }                        
                    ]
                },
                {
                    "type": "Section",
                    "title": "Tools",
                    "children": [
                        {
                            "type": "Column",
                            "children": [
                                {
                                    "type": "PushButton",
                                    "action": {
                                        "text": "MPLAB X",
                                        "description": "Open generated code as an MPLAB X project",
                                        "icon": {
                                            "icon16": "mplab_xide_white_background_16.png",
                                            "icon24": "mplab_xide_white_background_24.png"
                                        },
                                        "command": "MCHP_MDB_JavaInterface('close');modelFileName = get_param(bdroot(gcs),'FileName');[Folder, Name] = fileparts(modelFileName);pX = mchp.prefs.getFolderNameExtension;MPLABXProject = fullfile(Folder,[Name pX]);MCHP_Fun.MPLABX_Open(MPLABXProject);",
                                        "commandType": "Script"
                                    }                                    
                                }
                                
                            ] 
                        },
                        {
                            "type": "Column",
                            "children": [
                                {
                                    "type": "SplitButton",
                                    "action": "ProgramLinkAction",
                                    "popupName": "ProgramLinkPopUpList"
                                }
                            ]
                        },                    
                        {
                            "type": "Column",
                            "children": [
                                {
                                    "type": "PushButton",
                                    "action": "updateDiagramAction"
                                }
                            ]                            
                        }                        
                    ]
                },        
                {
                    "type": "Section",
                    "title": "Ext-Mode",
                    "children": [
                        {
                            "type": "Column",
                            "children": [
                                {
                                    "type": "PushButton",
                                    "action": "extModeHardwareBoardAction"
                                }
                            ]                            
                        },
                        {
                            "type": "Column",
                            "children": [
                                {
                                    "type": "PushButton",
                                    "action": "extModeCtrlPanelAction"
                                }
                            ]                            
                        },    
                        {
                            "type": "Column",
                            "children": [
                                {
                                    "type": "PushButton",
                                    "action": "openSimDataInspectorAction"
                                }
                            ]                            
                        },    
                        {
                            "type": "Column",
                            "children": [
                                {
                                    "type": "PushButton",
                                    "action" : {
                                        "icon": {
                                            "icon16": "books_small_16.png",
                                            "icon24": "books_small_24.png"
                                        },                                        
                                        "text": "Ext Mode\nsettings",                 
                                        "description": "Open Microchip settings for External Mode",
                                        "command": "MCHP_ExtModeGui(bdroot(gcs));",
                                    "commandType": "Script" }
                                }                               
                            ]
                        }                                              
                    ]
                },
                {
                    "type": "Section",
                    "title": "PIL",
                    "children": [
                        {
                            "type": "Column",
                            "children": [
                                {
                                    "type": "PushButton",
                                    "action": "embeddedCoderSilPilAppAction2"
                                }
                            ]
                        },
                        {
                            "type": "Column",
                            "children": [
                                {
                                    "type": "PushButton",
                                    "action" : {
                                        "icon": {
                                            "icon16": "books_small_16.png",
                                            "icon24": "books_small_24.png"
                                        },                                        
                                        "text": "PIL\nsettings",                 
                                        "description": "Open Microchip settings for PIL simulation",
                                        "command": "MCHP_PILGui(bdroot(gcs));",
                                    "commandType": "Script" }
                                }                               
                            ]
                        }                        
                    ]
                },

                {
                    "type": "Section",
                    "title": "Standalone",
                    "children": [
                        {
                            "type": "Column",
                            "children": [
                                {
                                    "type": "PushButton",
                                    "action" : {                                      
                                        "icon": {
                                            "icon16": "picgui_16.png",
                                            "icon24": "picgui_24.png"
                                        },                                               
                                        "text": "PicGui",                 
                                        "description": "Open PICGUI data visualisation interface",                                   
                                        "command": "picgui",
                                        "commandType": "Script" 
                                    }
                                }                               
                            ]
                        },
                        {
                            "type": "Column",
                            "children": [
                                {
                                    "type": "SplitButton",
                                    "action": "buildDeployStartHardwareBoardAction2",
                                    "popupName": "BuildDeployPopUpList"
                                }
                            ]
                        }                        
                    ]
                },

                {
                    "type": "Section",                    
                    "children": [
                        {
                            "type": "Column",
                            "children": [
                                {
                                    "type": "PushButton",
                                    "action" : {
                                        "icon": {
                                            "icon16": "get_clean16.png",
                                            "icon24": "get_clean24.png"
                                        },
                                        "text": "Clean\nfolder",                 
                                        "description": "Clean temporary files",
                                        "command": "MCHP_Fun.CleanFolder(gcs)",
                                        "commandType": "Script" 
                                    }
                                }
                            ]                            
                        }                                             
                    ]
                }                

            ]
}
]
}