{
    "version": "1.0",
    "entries": [
        {
            "type": "Action",
            "id": "newPopUpAction",
            "text": "New",
            "icon": "new"
        },
        {
            "type": "PopupList",
            "id": "newPopUpList",
            "children": [
                {
                    "type": "ListItem",
                    "action": "createNewBlankModelAction"
                },
                {
                    "type": "ListItem",
                    "action": "createNewBlankReferenceableSubsystemAction"
                },
                {
                    "type": "ListItem",
                    "action": "createNewProjectFromModelAction"
                }
            ]
        },

        {
            "type": "PopupList",
            "id": "savePopUpList",
            "children": [
                {
                    "type": "ListHeader",
                    "text": "Save"
                },
                {
                    "type": "ListItem",
                    "action": "saveModelAction"
                },
                {
                    "type": "ListItem",
                    "action": "saveModelAsAction"
                },
                {
                    "type": "ListHeader",
                    "text": "Export"
                },
                {
                    "type": "ListItemWithPopup",
                    "action": "exportPopUpAction",
                    "popupName": "exportPopUpList"
                }
            ]
        },
        {
            "type": "PopupList",
            "id": "exportPopUpList",
            "children": [
                {
                    "type": "ListItem",
                    "action": "createProtectedModelAction"
                },
                {
                    "type": "ListItem",
                    "action": "exportModelToTemplateAction"
                },
                {
                    "type": "ListSeparator"
                },
                {
                    "type": "ListItem",
                    "action": "exportModelToPreviousVersionAction"
                }
            ]
        },        


        {         
            "type": "Action",
            "id": "WebLinkAction",            
            "text": "Forum",
            "description": "Microchip forum dedicated to Matlab/Simulink",
            "icon": {
                "icon16": "microchip_logo_16.png",
                "icon24": "microchip_logo_24.png"
            },
            "command": "web('https://www.microchip.com/forums/f192.aspx','-browser')",
            "commandType": "Script"
        },        
        {
            "type": "PopupList",
            "id": "WebLinkPopUpList",
            "children": [      
                {
                "type": "ListItem",                                                                      
                "action" : "WebLinkAction"
                },                      
                {
                "type": "ListItem",                                                                      
                "action": {
                    "text": "MPLAB Blocks",
                    "description": "blockset add-on webpage",
                    "icon": {
                        "icon16": "MPLAB_Blockset_16.png",
                        "icon24": "MPLAB_Blockset_24.png"
                    },
                    "command": "web('https://fr.mathworks.com/matlabcentral/fileexchange/71892-mplab-device-blocks-for-simulink','-browser')",
                    "commandType": "Script"
                }
                },
                {
                    "type": "ListItem",                                       
                    "action": {
                        "text": "XC Compilers",
                        "description": "Compilers for dsPIC, PIC32 and SAMx",
                        "icon": {
                            "icon16": "mplab_xc_compiler_16.png",
                            "icon24": "mplab_xc_compiler_24.png"
                        },
                        "command": "web('https://www.microchip.com/xc', '-browser');",
                        "commandType": "Script"
                    }
                },
                {
                    "type": "ListItem",                                       
                    "action": {
                        "text": "Online Examples",
                        "description": "Simulink models on MPLAB Discovery",
                        "icon": {
                            "icon16": "mplab-discover_16.png",
                            "icon24": "mplab-discover_24.png"
                        },
                        "command": "web('https://mplab-discover.microchip.com/v1/itemtype/com.microchip.matlab.project', '-browser');",
                        "commandType": "Script"
                    }
                },
                {
                    "type": "ListItem",                                       
                    "action": {
                        "text": "About",
                        "description": "Show toolbox information on Matlab command line",
                        "command": "picInfo('Info and examples');commandwindow;",
                        "commandType": "Script"
                    }
                }                
            ]
        },


        {         
            "type": "Action",
            "id": "ChipLinkAction",            
            "icon": {
                "icon16": "chip_small_16.png",
                "icon24": "chip_small_24.png"
            },
            "text": "Data Sheet",
            "description": "Chip data sheet",                
            "command": "MCHP_Doc_Callback([],'datasheet')",
            "commandType": "Script" 
        },        
        {
            "type": "PopupList",
            "id": "ChipLinkPopUpList",
            "children": [  
                {
                "type": "ListItem",                                                                      
                "action" : "ChipLinkAction"
                },             
                {
                "type": "ListItem",                                                                      
                "action" : {
                    "text": "webpage",
                    "icon": {
                    },                    
                    "description": "Chip webpage",
                    "command": "MCHP_Doc_Callback([],'www')",
                    "commandType": "Script" }
                },
                {
                    "type": "ListItem",                                       
                    "action" : {
                        "text": "errata",
                        "icon": {
                        },                        
                        "description": "Chip errata",
                        "command": "MCHP_Doc_Callback([],'errata')",
                        "commandType": "Script"
                        }
                }
            ]
        },


        {         
            "type": "Action",
            "id": "ProgramLinkAction",            
            "icon": {
                "icon16": "flash_16.png",
                "icon24": "flash_24.png"
            },
            "text": "program",
            "description": "Program chip",                                        
            "command": "picflash(get_param(gcs,'Filename'))",
            "commandType": "Script"
        },        
        {
            "type": "PopupList",
            "id": "ProgramLinkPopUpList",
            "children": [  
                {
                "type": "ListItem",                                                                      
                "action" : {
                    "icon": {
                        "icon16": "get_clean16.png",
                        "icon24": "get_clean24.png"
                    },                    
                    "text": "Clean\nfolder",                 
                    "description": "Clean temporary files",
                    "command": "MCHP_Fun.CleanFolder(gcs)",
                    "commandType": "Script" }
                },   
                {
                "type": "ListItem",                                                                      
                "action" : "ProgramLinkAction"
                },                
                {
                "type": "ListItem",                 
                "action" : {   
                    "text": "Select MDB Interface",
                    "description": "Select MDB (MPLAB X) programming interface",
                    "command": "MCHP_MDB_JavaInterface('close');mchp.prefs.setProgrammerInterface('MDB');",
                    "commandType": "Script" 
                }},  
                {
                "type": "ListItem",                 
                "action" :                  
                {   
                     "text": "Select IPE Interface",
                    "description": "Select IPE programming interface",
                    "command": "MCHP_MDB_JavaInterface('close');mchp.prefs.setProgrammerInterface('IPE');",
                    "commandType": "Script" 
                }},
                {
                "type": "ListItem",                 
                "action" : {   
                     "text": "Select Seger JLINK Interface",
                    "description": "Select Segger JLINK programming interface",
                    "command": "MCHP_MDB_JavaInterface('close');mchp.prefs.setProgrammerInterface('SEGGER_JLINK');",
                    "commandType": "Script" 
                }},      
                {
                "type": "ListItem",                 
                "action" : {   
                     "text": "Release tools",
                    "description": "Release Programming tools",
                    "command": "MCHP_MDB_JavaInterface('close');",
                    "commandType": "Script" 
                }}                                 
            ]
        },        



        {
            "type": "PopupList",
            "id": "BuildDeployPopUpList",
            "children": [                    
                {
                "type": "ListItem",
                "action" : "buildDeployStartHardwareBoardAction2"
                },
                {
                "type": "ListItem",
                "action" : "coderGenerateCodeAndBuildAction"
                },
                {
                "type": "ListItem",
                "action" : "coderGenerateCodeOnlyAction"
                },
                {
                "type": "ListItem",                                                                      
                "action" : {
                    "icon": {
                        "icon16": "get_clean16.png",
                        "icon24": "get_clean24.png"
                    },
                    "text": "Clean\nfolder",                 
                    "description": "Clean temporary files",
                    "command": "MCHP_Fun.CleanFolder(gcs)",
                    "commandType": "Script" }
                }                
            ]
        }  


    ]
}

